auc,ks
0.7827380952380953,0.4285714285714286
