index,auc,ks
mean,0.7731190476190476,0.4471428571428572
std,0.026934691528022966,0.04346134936801765
