threshold,tp,fp,tn,fn,precision,recall,accuracy,tpr,fpr,label,threshold_source
0.5,35,15,125,25,0.7,0.5833333333333334,0.8,0.5833333333333334,0.10714285714285714,fixed_0.5,fixed
0.3419855007469472,45,34,106,15,0.569620253164557,0.75,0.755,0.75,0.24285714285714285,ks_optimal,train
