auc,ks
0.8023809523809523,0.5238095238095238
