fold,auc,ks
1,0.7709523809523808,0.4404761904761904
2,0.734642857142857,0.3952380952380952
3,0.7708333333333334,0.42380952380952386
4,0.8102380952380952,0.5095238095238095
5,0.7789285714285715,0.4666666666666667
