auc,ks
0.7923809523809524,0.4547619047619047
