feature,vif
Montant_credit,2.013676699669886
Duree_credit,1.8660788325968276
Taux_effort,1.2381669633019934
Age,1.1625014597146248
Anciennete_emploi,1.143462022875244
Anciennete_domicile,1.1196200053678589
Nb_credits,1.042513476564706
Nb_pers_charge,1.0359461862416461
Epargne,1.0140340777830714
