auc,ks
0.7828571428571428,0.4238095238095238
